{"ph_rotate_ex": 0.0, "all": 0.0320946009877824, "crop": 1761.2252252252251, "ph_noise_ex": 0.6986986986986987, "ph_brightness_ex": 0.5005005005005005, "ph_blur_ex": 0.9269269269269269, "brightness": 2.3983983983983985, "blur": 1.1161161161161162, "rotate": 756.6396396396397, "noise": 1.6916916916916918, "ph_all_ex": 0.4252252252252252, "ph_crop_ex": 0.0}