{"avh_blur_ex": 0.9669669669669669, "all": 0.10497494920344756, "crop": 802.006006006006, "avh_all_ex": 0.44584584584584586, "avh_crop_ex": 0.002002002002002002, "brightness": 2.68968968968969, "blur": 1.05005005005005, "avh_brightness_ex": 0.5215215215215215, "rotate": 350.36436436436435, "avh_noise_ex": 0.7317317317317318, "noise": 1.6396396396396395, "avh_rotate_ex": 0.007007007007007007}