{"wh_brightness_ex": 0.7177177177177178, "wh_blur_ex": 0.960960960960961, "all": 0.09360234717200934, "crop": 755.3993993993994, "brightness": 1.877877877877878, "blur": 1.0760760760760761, "wh_crop_ex": 0.006006006006006006, "wh_all_ex": 0.5075075075075075, "rotate": 310.55155155155154, "wh_rotate_ex": 0.01001001001001001, "noise": 1.3953953953953955, "wh_noise_ex": 0.8428428428428428}