{"dh_blur_ex": 0.8588588588588588, "all": 0.038012392010010256, "dh_rotate_ex": 0.001001001001001001, "crop": 1843.4414414414414, "dh_noise_ex": 0.5105105105105106, "brightness": 3.006006006006006, "blur": 1.2092092092092093, "dh_crop_ex": 0.0, "dh_brightness_ex": 0.2902902902902903, "rotate": 559.6526526526527, "dh_all_ex": 0.3321321321321321, "noise": 3.5225225225225225}