{"maba4_rotate_ex": 0.0, "mab4_crop_ex": 0.0, "maba32_brightness_ex": 0.19019019019019018, "crop": 4.448448448448448, "mba64_crop_ex": 0.3173173173173173, "mba8_blur_ex": 0.0, "mab2_noise_ex": 0.0, "mb64_noise_ex": 0.0, "mb8_rotate_ex": 0.0, "b_all_ex": 0.0, "mab32_noise_ex": 0.0, "mb8_brightness_ex": 0.001001001001001001, "maba8_brightness_ex": 0.002002002002002002, "mab8_rotate_ex": 0.0, "mab32_crop_ex": 0.14714714714714713, "mb64_brightness_ex": 0.34034034034034033, "mb4_brightness_ex": 0.0, "mb8_crop_ex": 0.0, "mb2_brightness_ex": 0.0, "noise": 4.037037037037037, "mba32_rotate_ex": 0.0, "mab16_rotate_ex": 0.0, "maba64_blur_ex": 0.0, "ba_blur_ex": 0.0, "b_rotate_ex": 0.0, "mba16_noise_ex": 0.0, "mba4_rotate_ex": 0.0, "mba16_crop_ex": 0.12812812812812813, "mba4_crop_ex": 0.0, "mb4_rotate_ex": 0.0, "mba16_all_ex": 0.05945945945945946, "mba2_rotate_ex": 0.0, "mab8_brightness_ex": 0.013013013013013013, "mba2_crop_ex": 0.0, "maba16_crop_ex": 0.02702702702702703, "maba8_all_ex": 0.0006006006006006006, "mab8_crop_ex": 0.009009009009009009, "mb64_crop_ex": 0.3153153153153153, "mb2_noise_ex": 0.0, "mb2_blur_ex": 0.0, "mb8_blur_ex": 0.0, "mba16_brightness_ex": 0.16916916916916916, "mb64_blur_ex": 0.0, "maba16_all_ex": 0.011611611611611611, "mb4_noise_ex": 0.0, "mba16_blur_ex": 0.0, "mab8_all_ex": 0.004404404404404405, "ba_brightness_ex": 0.0, "maba32_crop_ex": 0.16216216216216217, "brightness": 1.6586586586586587, "maba64_rotate_ex": 0.0, "mba32_crop_ex": 0.3163163163163163, "b_brightness_ex": 0.0, "maba2_blur_ex": 0.0, "mab32_all_ex": 0.06306306306306306, "mab4_noise_ex": 0.0, "mb4_blur_ex": 0.0, "mb64_rotate_ex": 0.0, "maba16_brightness_ex": 0.031031031031031032, "b_crop_ex": 0.0, "mab32_brightness_ex": 0.16816816816816818, "mb16_noise_ex": 0.0, "maba4_all_ex": 0.0, "mb16_crop_ex": 0.11411411411411411, "maba32_rotate_ex": 0.0, "mab4_all_ex": 0.0, "mab64_rotate_ex": 0.0, "mab16_noise_ex": 0.0, "mba8_crop_ex": 0.0, "maba64_crop_ex": 0.2992992992992993, "mab64_all_ex": 0.1013013013013013, "maba2_rotate_ex": 0.0, "mb4_all_ex": 0.0, "mb32_crop_ex": 0.2952952952952953, "mab4_rotate_ex": 0.0, "maba8_blur_ex": 0.0, "mba32_all_ex": 0.13073073073073074, "rotate": 2.97997997997998, "b_blur_ex": 0.0, "mba8_rotate_ex": 0.0, "mab16_blur_ex": 0.0, "mb4_crop_ex": 0.0, "mb2_all_ex": 0.0, "mab64_brightness_ex": 0.2602602602602603, "maba2_brightness_ex": 0.0, "mba32_blur_ex": 0.0, "mb16_all_ex": 0.055055055055055056, "maba2_crop_ex": 0.0, "maba8_rotate_ex": 0.0, "maba64_brightness_ex": 0.3283283283283283, "mba4_blur_ex": 0.0, "mab2_brightness_ex": 0.0, "maba16_blur_ex": 0.0, "mab2_rotate_ex": 0.0, "maba64_noise_ex": 0.0, "mab64_crop_ex": 0.24624624624624625, "mb16_rotate_ex": 0.0, "mba8_noise_ex": 0.0, "maba32_noise_ex": 0.0, "mb8_all_ex": 0.0002002002002002002, "mb32_noise_ex": 0.0, "mab64_noise_ex": 0.0, "mba32_noise_ex": 0.0, "mab32_rotate_ex": 0.0, "mab16_all_ex": 0.025425425425425426, "maba2_all_ex": 0.0, "mba64_noise_ex": 0.0, "mb64_all_ex": 0.13113113113113112, "maba32_all_ex": 0.07047047047047048, "mba64_blur_ex": 0.0, "mab16_brightness_ex": 0.06606606606606606, "mba4_noise_ex": 0.0, "maba8_crop_ex": 0.001001001001001001, "mba64_rotate_ex": 0.0, "mb2_rotate_ex": 0.0, "mab4_blur_ex": 0.0, "mb8_noise_ex": 0.0, "mb2_crop_ex": 0.0, "mba2_all_ex": 0.0, "mb32_brightness_ex": 0.32232232232232233, "mb32_blur_ex": 0.0, "mb32_all_ex": 0.12352352352352353, "ba_crop_ex": 0.0, "maba4_noise_ex": 0.0, "mab16_crop_ex": 0.06106106106106106, "mba32_brightness_ex": 0.33733733733733734, "mba64_all_ex": 0.13153153153153152, "maba4_brightness_ex": 0.0, "b_noise_ex": 0.0, "maba4_crop_ex": 0.0, "ba_rotate_ex": 0.0, "maba32_blur_ex": 0.0, "maba2_noise_ex": 0.0, "mb16_brightness_ex": 0.16116116116116116, "mab4_brightness_ex": 0.0, "mab2_crop_ex": 0.0, "mab32_blur_ex": 0.0, "mba4_all_ex": 0.0, "maba4_blur_ex": 0.0, "mba2_blur_ex": 0.0, "mab8_noise_ex": 0.0, "mba8_brightness_ex": 0.0, "all": 0.9845371378868794, "maba8_noise_ex": 0.0, "mab8_blur_ex": 0.0, "ba_all_ex": 0.0, "maba64_all_ex": 0.12552552552552554, "maba16_rotate_ex": 0.0, "mba2_noise_ex": 0.0, "mba16_rotate_ex": 0.0, "mab64_blur_ex": 0.0, "blur": 2.3933933933933935, "mab2_blur_ex": 0.0, "mba4_brightness_ex": 0.0, "mab2_all_ex": 0.0, "mb16_blur_ex": 0.0, "maba16_noise_ex": 0.0, "mba2_brightness_ex": 0.0, "mba8_all_ex": 0.0, "mba64_brightness_ex": 0.34034034034034033, "ba_noise_ex": 0.0, "mb32_rotate_ex": 0.0}